{
    "demoData": [
        {
            "id": null,
            "bizCode": null,
            "receiptRoleCode": null,
            "receiptorId": null,
            "receiptorName": null,
            "receiptTypeCode": null,
            "arriveAmount": null,
            "projectId": null
        }
    ],
    "demoData1": [
        {
            "removeCode": 1,
            "removeCost": 1,
            "removeStatus": 1,
            "removePerson": 1,
            "removeDate": "2017-03-08",
            "editPerson": 1,
            "editTime": 21156
        },
        {
            "removeCode": 1,
            "removeCost": 1,
            "removeStatus": 1,
            "removePerson": 1,
            "removeDate": "2017-03-08",
            "editPerson": 1,
            "editTime": 21156
        },
        {
            "removeCode": 1,
            "removeCost": 1,
            "removeStatus": 1,
            "removePerson": 1,
            "removeDate": "2017-03-08",
            "editPerson": 1,
            "editTime": 21156
        }
    ],
    "demoData2": [
        {
            "editContent": "单据状态：待审核，核销状态：待核销",
            "editTime": "2017.02.24 11:07",
            "editor": "Ben.huang"
        },
        {
            "editContent": "核销状态：待核销",
            "editTime": "2017.02.25 11:07",
            "editor": "Ben.huang"
        },
        {
            "editContent": "单据状态：待审核",
            "editTime": "2017.02.26 11:07",
            "editor": "Ben.huang"
        }
    ],
    "demoComData": {
        "businessTypes": [
            {
                "text": "常规",
                "value": 1
            },
            {
                "text": "特殊",
                "value": 2
            }
        ],
        "debitObjects": [
            {
                "text": "公司",
                "value": 1
            },
            {
                "text": "业主",
                "value": 2
            }
        ],
        "debitTypes": [
            {
                "text": "现金",
                "value": 1
            },
            {
                "text": "转账",
                "value": 2
            }
        ],
        "organizations": [
            {
                "text": "土巴兔",
                "value": 1
            },
            {
                "text": "设计本",
                "value": 2
            }
        ]
    }
}
