[
    { "prop": "verifyStatus", "label": "核销状态" },
    { "prop": "code", "label": "单据编号" },
    { "prop": "receiptOrgName", "label": "组织" },
    { "prop": "receiptModeName", "label": "收款方式" },
    { "prop": "totalArriveAmount", "label": "到账金额" },
    { "prop": "arriveTime", "label": "到账时间", "formatter": "dateParser" },
    { "prop": "receiptVoucherUrl", "label": "收款凭证" },
    { "prop": "bizName", "label": "业务类型" },
    { "prop": "receiptTypeName", "label": "收款类型" },
    { "prop": "projectId", "label": "项目ID" },
    { "prop": "arriveAmount", "label": "收款金额" },
    { "prop": "verifyAmount", "label": "核销金额" },
    { "prop": "orderStatus", "label": "单据状态", "list": "orderStatusOptions" },
    { "prop": "verifyStatusCopy", "label": "核销状态", "list": "verifyStatusOptions"  },
    { "prop": "recordTime", "label": "记账日期", "formatter": "dateParser" },
    { "prop": "createName", "label": "创建人" },
    { "prop": "createTime", "label": "创建时间", "formatter": "dateParser" },
    { "prop": "updateName", "label": "修改人" },
    { "prop": "updateTime", "label": "修改时间", "formatter": "dateParser" }
]
