{
    "indexPage" : [
        { "prop": "batchNumber", "label": "批次号" },
        { "prop": "code", "label": "单据编号" },
        { "prop": "organizationName", "label": "组织" },
        { "prop": "businessTypeName", "label": "业务类型" },
        { "prop": "payTypeName", "label": "付款类型" },
        { "prop": "payObject", "label": "付款对象" },
        { "prop": "payObjectId", "label": "付款对象ID" },
        { "prop": "payObjectName", "label": "付款对象名称" },
        { "prop": "bankName", "label": "开户银行" },
        { "prop": "bankAccount", "label": "银行卡号" },
        { "prop": "openingAccountName", "label": "开户名" },
        { "prop": "payAmount", "label": "付款金额" },
        { "prop": "payOrganizationName", "label": "付款主体" },
        { "prop": "payChannelName", "label": "付款方式" },
        { "prop": "status", "label": "状态" ,"list": "statusOptions"},
        { "prop": "createTime", "label": "创建时间", "formatter": "dateParser" },
        { "prop": "createUserName", "label": "创建人" }
    ],
    "remitCompare" : [
        { "prop": "batchNumber" , "label" : "批次号"},
        { "prop": "code" , "label" : "单据编号"},
        { "prop": "organizationName" , "label" : "组织"},
        { "prop": "businessTypeName", "label": "业务类型" },
        { "prop": "payTypeName", "label": "付款类型" },
        { "prop": "payObject", "label": "付款对象" },
        { "prop": "payObjectId", "label": "付款对象ID" },
        { "prop": "payObjectName", "label": "付款对象名称" },
        { "prop": "bankName", "label": "开户银行" },
        { "prop": "bankAccount", "label": "银行卡号" },
        { "prop": "openingAccountName" , "label" : "姓名"},
        { "prop": "payAmount" , "label" : "付款金额"},
        { "prop": "payOrganizationName" , "label" : "付款主体"},
        { "prop": "payChannelName" , "label" : "付款方式"},
        { "prop": "status" , "label" : "状态","list": "statusOptions"},
        { "prop": "createTime", "label": "创建时间", "formatter": "dateParser"}
    ],
    "operateLog": [
        {
            "prop": "remark",
            "label": "修改内容"
        },
        {
            "prop": "opTime",
            "label": "修改时间",
            "formatter": "dateParser"
        },
        {
            "prop": "username",
            "label": "修改人"
        }
    ],
    "remitList":[
        {
            "prop": "sourceOrderCode",
            "label": "业务单据编号"
        },
        {
            "prop": "projectId",
            "label": "项目ID"
        },
        {
            "prop": "shouldRemitAmount",
            "label":"付款金额"
        }
    ],
    "createList":[{
        "prop": "sourceOrderCode",
        "label": "业务单据编号",
        "sortable": false,
        "editor": {
            "type": "input"
        }
    },{
        "prop": "projectId",
        "label": "项目ID",
        "sortable": false,
        "editor": {
            "type": "input"
        }
    },{
        "prop": "shouldRemitAmount",
        "label": "付款金额",
        "sortable": false,
        "editor": {
            "type": "input"
        }
    },{
        "prop": "sourceOrderTypeName",
        "label": "上游业务单据名称",
        "list": "sourceOrderTypeOption",
        "required": true,
        "sortable": false,
        "editor": {
            "type": "select",
            "rules": [{
                "required": true
            }]
        }
    },{
        "prop": "sourceSystemCode",
        "label": "上游业务系统名称",
        "list": "sourceSystemOption",
        "required": true,
        "sortable": false,
        "editor": {
            "type": "select",
            "rules": [{
                "required": true
            }]
        }
    },{
        "prop": "sourceSystemModuleCode",
        "label": "上游业务系统子模块名称",
        "list": "sourceSystemModuleOption",
        "required": true,
        "sortable": false,
        "editor": {
            "type": "select",
            "rules": [{
                "required": true
            }]
        }
    }]

}
