[
    {
        "prop": "bankName",
        "label": "银行"
    },
    {
        "prop": "bankBranchName",
        "label": "开户支行"
    },
    {
        "prop": "bankAccount",
        "label": "银行账号"
    },
    {
        "prop": "openingAccountName",
        "label": "账户名称"
    },
    {
        "prop": "status",
        "label": "状态",
        "list":"statusOptions"
    },
    {
        "prop": "isDefault",
        "label": "是否默认",
        "list": "defaultOptions"
    },
    {
        "prop": "roleTypeName",
        "label": "账户对象"
    },
    {
        "prop": "userName",
        "label": "关联对象"
    },
    {
        "prop": "createName",
        "label": "创建人"
    },
    {
        "prop": "createTime",
        "label": "创建时间",
        "formatter": "dateParser"
    }
]
